created,amount_formatted,stored_customer_email,stored_customer_firstname,stored_customer_lastname,stored_customer_message
24.06.2024 09:37:02,20.00,nchristinat@sunrise.ch,Nancy,Christinat,Publicité
24.06.2024 08:42:19,20.00,merlin.wild@outlook.com,Merlin,Wild,
24.06.2024 08:05:25,60.00,jeantroyon@hotmail.com,Jean,Troyon,
24.06.2024 07:50:05,60.00,mathieu.pochon@protonmail.ch,Mathieu,Pochon,
22.06.2024 23:43:35,6.00,megspi10@gmail.com,Mégane,Spicher ,
22.06.2024 21:40:23,20.00,familydumas@bluewin.ch,Cristina,Guinard Dumas,
22.06.2024 21:22:52,10.00,sophiezbaeren@yahoo.fr,Sophie,Zbaeren,Publicité 
22.06.2024 17:37:20,20.00,irrausch@bluewin.ch,Robert ,Irrausch ,
22.06.2024 17:10:56,60.00,sandrineconti@yahoo.com,Sandrine,Conti,
22.06.2024 16:34:13,120.00,muriel.surdez@unifr.ch,Muriel,Surdez,
22.06.2024 14:23:08,50.00,cafrund@gmail.com,Claude-Alain,Frund,
22.06.2024 13:57:15,20.00,info@kikique.com,cedric,widmer,
22.06.2024 13:54:51,50.00,genecharriere@mac.com,Geneviève ,Charrière Ludwig,
22.06.2024 13:24:00,20.00,estellepointet@gmail.com,Estelle,Sanchez,
22.06.2024 00:18:28,50.00,chusei@proton.me,Matthieu,Cornut,
21.06.2024 17:41:49,50.00,ammalizia@yahoo.fr,Anne marie,Malizia,
21.06.2024 17:29:26,100.00,jbeck80@protonmail.ch,Johanna,Beck,
21.06.2024 08:54:56,50.00,laurent.balsiger@gmail.com,Laurent,Balsiger,
20.06.2024 23:34:46,15.00,revel.arch@gmail.com,Thomas,Revel,
20.06.2024 21:30:59,20.00,chave.laurence@gmail.com,Laurence,Chave,publicité
20.06.2024 21:16:10,50.00,benoist@guillard.eu,Benoist,Guillard,
20.06.2024 21:07:14,100.00,lefil66@yahoo.fr,Ariane,Baud,Publicité
20.06.2024 19:36:43,120.00,f.looopes@gmail.com,francesco,lopes,
20.06.2024 17:47:53,20.00,quiyo6@hotmail.com,Philippe ,Handschin,Publicité 
20.06.2024 16:42:16,50.00,cbillotte@gmail.com,Cécile,Billotte Widmann,Publicité 
20.06.2024 16:21:15,10.00,sarah.marcantilinder@bluewin.ch,Sarah,Marcanti Linder,Publicité 
20.06.2024 16:00:53,20.00,jae@open-net.ch,J-A,Eberhard,
20.06.2024 15:20:15,50.00,guillaume.schlaepfer@pm.me,Guillaume,Schlaepfer,
20.06.2024 15:05:18,20.00,erre.brb@gmail.com,roberta,barbi,Publicité
20.06.2024 14:57:55,10.00,aa.rispo.consta@gmail.com,Alexandros,Constantinou,Publicité
20.06.2024 14:57:51,20.00,marc.lebon@bluewin.ch,Marc,Lebon,
20.06.2024 14:49:11,100.00,jfpochon@bluewin.ch,J-F,Pochon,Publicité
19.06.2024 23:45:16,150.00,s.perrolle.lycee@gmail.com,Solène,Perrolle ,
19.06.2024 13:04:51,20.00,paul.castelain@posteo.net,Paul,Castelain,bizous
18.06.2024 20:44:04,120.00,yvalu@me.com,Yves V.,Ludwig,
18.06.2024 20:00:47,20.00,timeo.neurohr@gmail.com,Timéo,Neurohr,
18.06.2024 19:14:57,60.00,e.laurin@hotmail.con,Elisa,Laurin,
18.06.2024 17:43:16,20.00,Steven.tamburini@agissons-ch.org,Steven,Tamburini,Publicité
17.06.2024 22:21:36,40.00,mcpraz@bluewin.ch,Marie-Cécile,Praz,
16.06.2024 20:24:40,60.00,martine.rouiller@etik.com,Martine,Rouiller,
14.06.2024 17:25:40,3.00,julie.besse@hotmail.ch,Julie,Besse,
14.06.2024 17:25:28,3.00,serrabelene@gmail.com,Belene ,Serra,
13.06.2024 00:17:58,10.00,Gavillet.ap@gmail.com,Gavillet,Ariane,
12.06.2024 23:11:25,60.00,coline.boulanger2@gmail.com,Coline,Boulanger,
12.06.2024 20:49:59,20.00,nizar.ghandri115@gmail.com,Nizar,Ghandri,
12.06.2024 16:57:12,60.00,Steven.tamburini@climatestrike.ch,François ,Orioli,Don de la main propre de François Orioli.
12.06.2024 14:41:57,60.00,guillaume.schlaepfer@pm.me,Guillaume,Schlaepfer,
12.06.2024 13:58:04,280.00,theo.cucchia@gmail.com,Théo,Cucchia,
12.06.2024 13:52:39,60.00,elisabeth@famille-schneider.ch,Elisabeth,Longchamp Schneider,
12.06.2024 13:33:27,10.00,etienne@schaufel.net,Etienne,Schaufelberger,
11.06.2024 23:23:18,5.00,pilarmbenavides@yahoo.com,Pilar Maya ,Benavides ,
11.06.2024 13:18:36,20.00,sheldon_masseraz@bluewin.ch,Sheldon ,Masseraz ,
11.06.2024 12:58:42,20.00,s.z@etik.com,Prénom,Nom,
11.06.2024 10:38:06,20.00,Balet.jocelyne@gmail.com,Jocelyne ,Balet ,
11.06.2024 00:20:30,15.00,manuel.lambert@mla.green,Manuel,Lambert,
09.06.2024 22:58:15,500.00,elie.fournier@protonmail.com,Elie,Fournier,
06.06.2024 18:36:50,60.00,boaudiyanis98@hotmail.com,Yanis,Bouadi,
06.06.2024 18:29:59,20.00,leonard@cvgg.org,Léonard,Guyot,
06.06.2024 13:32:17,40.00,maxim.pavliv@gmail.com,Maxim,Pavliv,
06.06.2024 00:24:54,15.00,carmenbrugger@bluewin.ch,Carmen,Brugger,
04.06.2024 20:31:11,100.00,omisa@bluewin.ch,Sabine,Rudra,
03.06.2024 19:46:09,100.00,lefil66@yahoo.fr,Ariane ,Baud,
31.05.2024 15:42:54,25.00,alexandre.copertino@agissons-ch.org,Alexandre,Copertino,Pérenniser les dons c'est important
29.05.2024 12:53:01,40.00,rileemann@hotmail.com,Riwal,Leemann,
28.05.2024 18:17:14,120.00,saihtam1@hotmail.com,Matthias ,Udriot ,
28.05.2024 15:19:24,20.00,hbarathieu@gmail.com,Heidi,Barathieu,
27.05.2024 14:12:56,20.00,marc.lebon@bluewin.ch,Marc,Lebon,
27.05.2024 11:06:59,120.00,brigitte.nicod@bluewin.ch,Brigitte,Nicod Krieger,
27.05.2024 11:06:20,200.00,yourmusic23@gmail.com,Youri,Rosset,
26.05.2024 21:08:12,280.00,j.fernandez3374@gmail.com,Jeanne,Fernandez,
26.05.2024 19:36:03,200.00,noemie.vetterli@gmail.com,Noemie,Vetterli,
26.05.2024 17:36:07,250.00,simon.berthoud@gmail.com,Simon,Berthoud,
26.05.2024 00:16:33,30.00,gary.domeniconi@gmail.com,Gary,Domeniconi,
25.05.2024 13:47:33,5.00,lighea.a@gmail.com,Lighea,Ardia,
25.05.2024 11:49:23,5.00,pierrick.berruyer@gmail.com,Pierrick,Berruyer,
25.05.2024 11:32:08,60.00,jerome.ebiner@gmail.com,Jérôme,Ebiner,
24.05.2024 23:09:44,50.00,Steven.tamburini@climatestrike.ch,Jacqueline ,Genton ,50 CHF donné en cash à Steven 
24.05.2024 20:19:38,20.00,raqvidal@hotmail.com,Raquel,Vidal Remis,Merci pour votre travail et engagement !
24.05.2024 13:46:33,15.00,loic.bouille7@gmail.com,Loïc,Bouille,
24.05.2024 10:39:40,120.00,jo.boegli@bluewin.ch,Jo,Boegli,
23.05.2024 19:31:23,20.00,dimitri.wybaillie@epfl.ch,Dimitri,Wybaillie,
23.05.2024 18:10:52,20.00,ameliechatt@gmail.com,Amelie,Chatellard,
23.05.2024 13:46:42,100.00,antoine.thalmann@mailbox.org,antoine,thalmann,Vous pouvez m'envoyer l'attestation de don par email
23.05.2024 09:35:51,100.00,benoit.crettenand@bluewin.ch,Benoît,CRETTENAND,
23.05.2024 01:36:07,20.00,yannick.schnider@hotmail.com,yannick,schnider,
22.05.2024 23:03:08,20.00,sarah.baur21@gmail.com,Sarah,Baur,
22.05.2024 19:37:08,20.00,esteban.chev@gmail.com,Esteban ,Chevre ,
22.05.2024 19:09:12,60.00,teo.linares1@gmail.com,Téo,Linares,Coucou Julie
22.05.2024 18:04:39,50.00,chusei@proton.me,Matthieu,Cornut,
22.05.2024 17:33:52,5.00,bnjmn.vitry@gmail.com,Benjamin,Vitry,
22.05.2024 16:35:10,20.00,pierredlb@wanadoo.fr,Pierre,De La Bourdonnaye,
22.05.2024 16:20:33,20.00,adrien.vaucher@gmail.com,Adrien,Vaucher,
22.05.2024 13:59:16,120.00,Steven.tamburini@climatestrike.ch,Eugenia,Brambani Tamburini,
22.05.2024 12:51:08,20.00,erre.brb@gmail.com,Roberta,Barbi,
22.05.2024 12:45:47,100.00,tyl@bluewin.ch,tyl,vergriete,
22.05.2024 10:20:06,60.00,fabian.spigariol@me.com,Fabian,Spigariol,
22.05.2024 09:33:14,80.00,berthoud-looten@bluewin.ch,isabelle,Looten Berthoud ,merci de m'envoyer qques vignettes Transports publics  / 200 Route de Suisse 1290 Versoix 
22.05.2024 05:53:26,20.00,etiennelpetit@gmail.com,Etienne,Petit,
21.05.2024 23:02:31,100.00,ariane.derham@gmail.com,Ariane,De Rham,
21.05.2024 21:53:24,120.00,munch03@gmail.com,Preben,Munch,
21.05.2024 21:28:56,40.00,renaud.pidoux@ik.me,Renaud,Pidoux,Merci de me faire parvenir des vignettes !
21.05.2024 20:38:24,40.00,veronique.laubscher@bluewin.ch,Véronique,Laubscher,Merci de m'envoyer 10 vignettes 
21.05.2024 20:20:47,20.00,sophiezbaeren@yahoo.fr,Sophie,Zbaeren,
21.05.2024 18:57:52,60.00,drjf.schnegg@bluewin.ch,Jean-Francois,Schnegg,
21.05.2024 18:35:05,40.00,enducrey@gmail.com,Eric,Ducrey,
21.05.2024 18:16:56,40.00,cynthia.illi@hotmail.fr,Cynthia,Illi,
21.05.2024 18:11:18,20.00,schwarzenplouc@yahoo.fr,Jean-Marc,Berlivet,
21.05.2024 16:54:02,20.00,contact@camille-ory.com,Camille,Ory,
21.05.2024 16:30:18,20.00,tygre352@gmail.com,Timothy,Michienzi,
21.05.2024 14:30:05,100.00,brseiler@proton.me,Brice,Seiler,
21.05.2024 13:59:01,120.00,sophieabrugger@gmail.com,Sophie,Brügger,
21.05.2024 13:33:13,40.00,janzwah@gmail.com,Janine,Zwahlen,
21.05.2024 13:23:49,60.00,kistler.vanja@gmail.com,Vanja,Kistler ,
21.05.2024 13:17:07,20.00,aijanmuktar@gmail.com,Aijan,Muktar,
21.05.2024 13:00:55,40.00,gabriel@gabrielbarta.ch,Gabriel,Barta,
21.05.2024 12:56:26,40.00,do.bertrand@gmail.com,Dominique,Bertrand,
21.05.2024 12:13:34,100.00,myr.gazut@gmail.com,Myriam,Gazut,
21.05.2024 12:09:34,60.00,stef740@msn.com,Stéphane,Leresche,
21.05.2024 12:06:01,20.00,lucile.charmillot@gmail.com,Lucile ,Charmillot ,
21.05.2024 12:04:36,20.00,curieuse@parcoeur.com,Julie,Janet,
21.05.2024 11:43:29,20.00,sylvain.pillet@gmail.com,Sylvain,Pillet,
21.05.2024 11:41:20,60.00,olgl@ik.me,Olivier,Glaizot,
21.05.2024 11:41:03,20.00,ziegler.mdh@gmail.com,Marie ,Ziegler ,
21.05.2024 11:10:31,100.00,dominique_bovey@bluewin.ch,Dominique,Bovey,
21.05.2024 11:07:43,20.00,theodor.dhenain@hotmail.fr,THEODORE,DHENAIN,
20.05.2024 23:21:04,100.00,victoriade31@gmail.com,Victoria,Desmarquest,
19.05.2024 10:23:27,10.00,gabrielle.magnin@gmail.com,gabrielle,magnin ,
18.05.2024 13:37:34,280.00,merlin.leuenberger@gmail.com,Merlin,Leuenberger,
16.05.2024 19:44:20,60.00,pauline.conti@yahoo.fr,Pauline,Conti,
16.05.2024 13:40:20,5.00,jonas97jordan@gmail.com,Jonas,Jordan,
14.05.2024 14:24:39,250.00,Steven.tamburini@agissons-ch.org,Steven,Tamburini,
14.05.2024 12:59:04,20.00,jean-pierre.hornung@unil.ch,Jean-Pierre,Hornung,
13.05.2024 13:18:45,20.00,kyongwon@sunrise.ch,Kyong-Won,Schärer,
13.05.2024 00:17:36,10.00,Gavillet.ap@gmail.com,Gavillet,Ariane,
12.05.2024 19:55:47,40.00,fred.hausammann@bluewin.ch,Frédéric,Hausammann,
12.05.2024 19:20:58,60.00,okhughes4@gmail.com,Oscar,Hughes,
12.05.2024 15:54:11,60.00,nicolette.dubugnon@bluewin.ch,Nicolette ,Dubugnon ,
12.05.2024 07:39:13,5.00,cyprien.zufferey@gmail.com,Cyprien,Zufferey,
11.05.2024 18:41:43,100.00,sonjahediger@yahoo.com,Sonja,Hediger,
11.05.2024 16:59:14,120.00,adrian.hamelink@gmail.com,Adrian,Hamelink,
11.05.2024 00:19:28,15.00,manuel.lambert@mla.green,Manuel,Lambert,
10.05.2024 13:45:27,10.00,frjakob@protonmail.com,François,Jakob,
09.05.2024 10:56:40,20.00,mahelia.benz-hetzel@hotmail.com,Mahélia,Benz-Hetzel,J'essaierai de mettre plus les prochains mois ! 
08.05.2024 22:22:25,20.00,ivana.funweb@gmail.com,Ivana,Erard ,
08.05.2024 22:00:14,60.00,sabrina.tac@gmail.com,Sabrina,Tacchini,
08.05.2024 19:12:55,60.00,alix.mllr@gmail.com,Alix,Muller,
07.05.2024 21:22:04,60.00,emanuele.e.boni@outlook.it,Emanuele,Boni,
07.05.2024 17:18:57,120.00,mim_sss@hotmail.com,Mireille,Lachausse,
06.05.2024 16:50:32,50.00,lafeepicoleuse@protonmail.ch,Sandra,Robert-Nicoud,
06.05.2024 13:21:21,10.00,clement.conti@yahoo.fr,Clement,Conti,
06.05.2024 11:25:15,60.00,sandrineconti@yahoo.com,Sandrine,Conti,
06.05.2024 00:18:30,15.00,carmenbrugger@bluewin.ch,Carmen,Brugger,
05.05.2024 18:04:42,30.00,kyongwon@sunrise.ch,Kyong-Won,Schärer ,
05.05.2024 13:39:07,280.00,bastien.wermeille@gmail.com,Bastien,Wermeille,
04.05.2024 19:46:23,20.00,tike@bluewin.ch,Patrizia,Pesko,
04.05.2024 18:13:21,20.00,fulvio@fulviobernasconi.ch,Fulvio,Bernasconi,
04.05.2024 17:57:01,10.00,pulce.berna@gmail.com,Lena,Bernasconi,
04.05.2024 10:39:23,60.00,theophile.balestrini@gmail.com,Théophile ,Balestrini,
03.05.2024 22:54:49,10.00,michael.bueno@sunrise.ch,michael,bueno,
03.05.2024 21:07:13,120.00,tiphainerobert@outlook.com,Tiphaine,Robert,
03.05.2024 17:37:47,100.00,yvonne.winteler@bluewin.ch,Yvonne,Winteler,
03.05.2024 15:27:25,50.00,chrislakato@hotmail.com,christophe,lakatos,
03.05.2024 12:33:28,100.00,n.fouchault@bluewin.ch,Norbert,Fouchault,;-)
03.05.2024 08:27:04,60.00,jilsilberstein@bluewin.ch,Jil,Silberstein,
03.05.2024 00:31:57,20.00,alice.bovey@protonmail.com,Alice,Bovey,
02.05.2024 19:29:29,30.00,marie.alice52@gmail.com,Josée,Jetzer,
02.05.2024 17:31:02,60.00,marie-pierre.bigler@vd.ch,Mapi,Bigler,
02.05.2024 16:07:18,500.00,fabio.buratti@outlook.fr,Fabio,Buratti,
02.05.2024 15:07:04,10.00,vlada.m.nazarenko@gmail.com,Vlada,Nazarenko,
02.05.2024 14:43:17,30.00,sakhrneila1@gmail.com,Neïla,Sakhr,
02.05.2024 14:22:40,100.00,kohler.pierre@gmail.com,Pierre,Kohler,
02.05.2024 13:20:16,100.00,paradisdangell@bluewin.ch,Catherine,Morel,
02.05.2024 12:22:38,100.00,theolavanchy@gmail.com,Théo,Lavanchy,
02.05.2024 12:11:32,60.00,noemievauthey@gmail.com,Noémie,Vauthey,
02.05.2024 11:40:42,120.00,maheracc@hotmail.com,Mahe,Raccaud,
02.05.2024 11:31:39,100.00,matthieu.girod.ch@gmail.com,Matthieu,Girod,
02.05.2024 11:26:02,100.00,jbeck80@protonmail.ch,Johanna,Beck,Pensez à considérer le problème grandissant de DEVOIR avoir un smarphone pour prendre un billet! :-) Merci!
02.05.2024 11:17:42,120.00,t.leonore@gmail.com,Leonore,Thelin,Viva ! Et merci pour votre travail !!!!
02.05.2024 11:14:15,120.00,gschwendnicolas@gmail.com,Nicolas ,Gschwend ,
02.05.2024 11:10:44,60.00,andre.balestrini@inforweb.ch,Andre,Balestrini,
02.05.2024 11:09:19,120.00,brseiler@proton.me,brice,seiler,
02.05.2024 00:47:53,30.00,felicien.zaugg@gmail.com,Félicien,Zaugg,
01.05.2024 21:51:08,10.00,mikhail.rojkov.96@gmail.com,Mikhail,Rojkov,Merci ! <3
01.05.2024 17:17:57,200.00,durusseljeanne@gmail.com,Jeanne,Durussel,
01.05.2024 17:16:18,200.00,loris.stehle@gmail.com,Loris,Stehlé,
01.05.2024 16:49:51,60.00,cferrat8@gmail.com,Corinne ,Copertino-Ferrat ,
01.05.2024 16:42:20,60.00,ml@potterat.com,Laurent,Potterat,
01.05.2024 15:51:20,50.00,nz.halloween@gmail.com,Nissa,Zarrabi,
01.05.2024 15:30:57,20.00,cgiovannini@lilo.org,Camille,Giovannini,
01.05.2024 12:25:18,400.00,lighea.a@gmail.com,Lighea,Ardia,
01.05.2024 08:31:27,60.00,cecilia.porchia@yahoo.com,Cecilia,Porchia,
01.05.2024 01:12:51,120.00,estelle.divorne@bluewin.ch,Estelle,Divorne,
01.05.2024 00:05:47,60.00,crowdNosTransports.a12c4@mamber.net,Nicolas,Dubail,
30.04.2024 23:47:17,120.00,sophieabrugger@gmail.com,Sophie,Brügger,
30.04.2024 23:03:16,20.00,sophie@lugon.ch,Sophie,Lugon,
30.04.2024 21:34:22,50.00,berenice.goguelet@tutanota.com,Bérénice,GOGUELET,
30.04.2024 20:29:40,120.00,valdac@protonmail.com,Valérie,D'Acremont,
30.04.2024 20:26:47,100.00,tarekholzl@gmail.com,Edoardo Tarek,Hölzl,
30.04.2024 18:56:03,50.00,marc.lebon@bluewin.ch,Marc,Lebon,
30.04.2024 17:32:15,50.00,philgood.sui@gmail.com,Philippe ,Meystre ,
30.04.2024 15:28:42,50.00,baudaurelien2@gmail.com,Aurélien,Baud,
30.04.2024 15:23:40,300.00,alexandre.copertino@agissons-ch.org,Alexandre,Copertino,Abattons les autoroutes et rendons les transports publics beaucoup moins chers et accessibles
30.04.2024 14:33:05,60.00,solene.beaud@gmail.com,Solène ,Beaud,
30.04.2024 13:28:27,60.00,marlyneandrey@bluewin.ch,Marlyne,Andrey-Berclaz,
30.04.2024 13:01:10,200.00,sperrolle@bluewin.ch,Stéphanie ,Perrolle ,
30.04.2024 12:59:40,120.00,wild.stephane@gmail.com,Stéphane,Wild,
30.04.2024 12:37:51,60.00,axelandersson98@gmail.com,Axel,Andersson,
30.04.2024 12:36:53,20.00,Auxane.oget@gmail.com,Auxane,Oget,
30.04.2024 12:16:23,20.00,aliciar_92@hotmail.com,Alicia,Rudaz,
30.04.2024 12:12:42,60.00,celine.bonnard@gmail.com,Céline,Bonnard,
30.04.2024 11:25:29,120.00,jfpochon@bluewin.ch,J-F,Pochon,
30.04.2024 11:11:09,40.00,catgabioud@gmail.com,Catherine,Gabioud,
30.04.2024 11:09:07,300.00,gtamburi@worldcom.ch,GIOVANNI,TAMBURINI,
30.04.2024 10:48:37,60.00,pu@duonova.com,Jean- Christope,Ducret,
30.04.2024 10:35:41,20.00,marion.perrolle@outlook.com,Marion ,Perrolle,
30.04.2024 10:14:49,100.00,Hirow.khosh@gmail.com,Hirow,Khoshekdaman,
30.04.2024 09:46:47,100.00,novella.bellonia@gmail.com,Novella,Bellonia,
30.04.2024 09:35:00,300.00,laurent.balsiger@gmail.com,Laurent,Balsiger,
30.04.2024 09:30:31,100.00,annemabella@hotmail.com,Anne-Marie,Tamburini,
30.04.2024 09:26:55,500.00,Steven.tamburini@agissons-ch.org,Steven,Tamburini,
30.04.2024 09:20:36,20.00,anne.renaud53@gmail.com,Anne ,Renaud ,
30.04.2024 09:06:57,20.00,romain.guerra@gmail.com,Romain,Guerra,
30.04.2024 08:59:40,50.00,dupl2905@gmail.com,LUCAS,DUPONT,
30.04.2024 08:49:27,50.00,jeannette.regan@protonmail.com,Jeannette,Regan,
30.04.2024 08:38:02,1'000.00,raccaudo56@gmail.com,Olivier,Raccaud,
30.04.2024 08:35:20,20.00,julia.pretre@gmail.com,Julia,Prêtre,
30.04.2024 08:30:08,20.00,antonin.niclass@gmail.com,Antonin,Niclass,
30.04.2024 08:08:26,100.00,leonard.reichen@gmail.com,Léonard,Reichen,
30.04.2024 08:05:55,60.00,nicolas.re@bluewin.ch,Nicolas,Ré,
30.04.2024 08:04:05,20.00,Balet.jocelyne@gmail.com,Jocelyne ,Balet ,
29.04.2024 22:57:28,60.00,pauline.conti98@gmail.com,Pauline,Conti,
29.04.2024 22:04:55,100.00,s.perrolle.lycee@gmail.com,Solène,Perrolle,
